<?xml version="1.0" encoding="utf-8"?>
<GallerySettings xmlns:xsi="http://www.w3.org/2001/XMLSchema-instance" xmlns:xsd="http://www.w3.org/2001/XMLSchema">
  <GalleryID>1</GalleryID>
  <CategoryID>1</CategoryID>
  <DisplayType>audiogallery</DisplayType>
  <LightboxType>light_rounded</LightboxType>
  <LightboxTitle>False</LightboxTitle>
  <LightboxOpacity>80</LightboxOpacity>
  <LightboxPadding>80</LightboxPadding>
  <IntegrateBlog>NE</IntegrateBlog>
  <QueryString />
  <ShowTitle>True</ShowTitle>
  <ShowDescription>True</ShowDescription>
  <ShowMediaTitle>True</ShowMediaTitle>
  <ShowMediaDescription>True</ShowMediaDescription>
  <SmartCrop>False</SmartCrop>
  <ShowPanel>True</ShowPanel>
  <FilmStrip>True</FilmStrip>
  <FilmStripSize>5</FilmStripSize>
  <SSImageWidth>250</SSImageWidth>
  <SSImageHeight>300</SSImageHeight>
  <SSThumbImageWidth>80</SSThumbImageWidth>
  <SSThumbImageHeight>80</SSThumbImageHeight>
  <SSAutoSlide>NE</SSAutoSlide>
  <SSAutoSlidePause>5000</SSAutoSlidePause>
  <SSAutoSlideRandom>NE</SSAutoSlideRandom>
  <SSAutoStartRandom>NE</SSAutoStartRandom>
  <SSCSSFile>EDGMain.css</SSCSSFile>
  <OverlayPosition>top</OverlayPosition>
  <OverlaySize>50</OverlaySize>
  <OverlayOpacity>50</OverlayOpacity>
  <OverlayTextColor>111111</OverlayTextColor>
  <OverlayColor>eeeeee</OverlayColor>
  <ThumbnailPosition>top</ThumbnailPosition>
  <TransitionInterval>5000</TransitionInterval>
  <TransitionSpeed>800</TransitionSpeed>
  <BorderSize>False</BorderSize>
  <BorderColor>222222</BorderColor>
  <PagingVisible>True</PagingVisible>
  <TGColumns>4</TGColumns>
  <TGImageWidth>150</TGImageWidth>
  <TGImageHeight>150</TGImageHeight>
  <TGItemsPerPage>4</TGItemsPerPage>
  <TGCSSFile>EDG_1_GrayGrungebg.css</TGCSSFile>
  <TGSmartResize>True</TGSmartResize>
  <LightboxDescription>False</LightboxDescription>
  <VGColumns>4</VGColumns>
  <VGNumOfColumns>1</VGNumOfColumns>
  <VGCSSFile>EDGMain.css</VGCSSFile>
  <VGSkin>black</VGSkin>
  <InfoButton>True</InfoButton>
  <StartPhoto>True</StartPhoto>
  <PlayOnLoad>False</PlayOnLoad>
  <InitialVolume>250</InitialVolume>
  <AllowFullscren>True</AllowFullscren>
  <Embed>False</Embed>
  <GenerateLink>False</GenerateLink>
  <MainGallery>False</MainGallery>
  <ShowCategory>False</ShowCategory>
  <FlashGalTheme>gallery_white.swf</FlashGalTheme>
  <AGNumberOfColumns>1</AGNumberOfColumns>
  <AudioVolume>100</AudioVolume>
  <AudioPlayOnLoad>False</AudioPlayOnLoad>
</GallerySettings>