<?xml version="1.0" encoding="utf-8"?>
<GallerySettings xmlns:xsi="http://www.w3.org/2001/XMLSchema-instance" xmlns:xsd="http://www.w3.org/2001/XMLSchema">
  <GalleryID>10</GalleryID>
  <DisplayControl>AudioGallery2-0.ascx</DisplayControl>
  <DisplayType>audiogallery2</DisplayType>
  <LightboxType>light_rounded</LightboxType>
  <LightboxTitle>False</LightboxTitle>
  <LightboxOpacity>80</LightboxOpacity>
  <LightboxPadding>80</LightboxPadding>
  <LightBoxSSAP>False</LightBoxSSAP>
  <LightboxAnimationSpeed>slow</LightboxAnimationSpeed>
  <OverlayGallery>True</OverlayGallery>
  <IntegrateBlog>NE</IntegrateBlog>
  <LightBoxSlideShow>False</LightBoxSlideShow>
  <LightBoxSlideShowInterval>5000</LightBoxSlideShowInterval>
  <QueryString />
  <ShowTitle>True</ShowTitle>
  <ShowDescription>True</ShowDescription>
  <ShowMediaTitle>True</ShowMediaTitle>
  <ShowMediaDescription>True</ShowMediaDescription>
  <ShowMediaTitleThumbnail>True</ShowMediaTitleThumbnail>
  <ShowMediaDescriptionThumbnail>False</ShowMediaDescriptionThumbnail>
  <OpenMediaUrl>False</OpenMediaUrl>
  <NewWindow>False</NewWindow>
  <RandomizeMedia>False</RandomizeMedia>
  <SmartCrop>False</SmartCrop>
  <ShowPanel>True</ShowPanel>
  <FilmStrip>True</FilmStrip>
  <FilmStripSize>5</FilmStripSize>
  <SSImageWidth>400</SSImageWidth>
  <SSImageHeight>300</SSImageHeight>
  <SSThumbImageWidth>80</SSThumbImageWidth>
  <SSThumbImageHeight>80</SSThumbImageHeight>
  <SSAutoSlide>NE</SSAutoSlide>
  <SSAutoSlidePause>5000</SSAutoSlidePause>
  <SSAutoSlideRandom>NE</SSAutoSlideRandom>
  <SSAutoStartRandom>NE</SSAutoStartRandom>
  <SSCSSFile>EDGMain.css</SSCSSFile>
  <OverlaySize>50</OverlaySize>
  <OverlayOpacity>50</OverlayOpacity>
  <OverlayTextColor>111111</OverlayTextColor>
  <SSTNProportionally>True</SSTNProportionally>
  <TransitionInterval>5000</TransitionInterval>
  <PagingVisible>False</PagingVisible>
  <TGColumns>4</TGColumns>
  <TGImageWidth>100</TGImageWidth>
  <TGImageHeight>100</TGImageHeight>
  <TGItemsPerPage>4</TGItemsPerPage>
  <TGCSSFile>EDG_0_Shadow.css</TGCSSFile>
  <PreloaderType>Fullscreen</PreloaderType>
  <DisplayNestedGalleries>True</DisplayNestedGalleries>
  <NGShowName>True</NGShowName>
  <NGThumbWidth>200</NGThumbWidth>
  <NGGalResizeProportionally>False</NGGalResizeProportionally>
  <NGColumns>3</NGColumns>
  <NGThumbHeight>200</NGThumbHeight>
  <NGShowdescription>True</NGShowdescription>
  <NestedCategory>1</NestedCategory>
  <NGGalleriesToShow>;3;4;5;6;7;9;</NGGalleriesToShow>
  <NGShowAllGalleries>False</NGShowAllGalleries>
  <TGSmartResize>True</TGSmartResize>
  <LightboxDescription>True</LightboxDescription>
  <VGColumns>5</VGColumns>
  <VGNumOfColumns>4</VGNumOfColumns>
  <VGCSSFile>EDGMain.css</VGCSSFile>
  <VGSkin>black</VGSkin>
  <InfoButton>True</InfoButton>
  <StartPhoto>True</StartPhoto>
  <PlayOnLoad>False</PlayOnLoad>
  <InitialVolume>250</InitialVolume>
  <AllowFullscren>True</AllowFullscren>
  <FlashGalTheme>False</FlashGalTheme>
  <AGNumberOfColumns>5</AGNumberOfColumns>
  <AudioVolume>100</AudioVolume>
  <AudioPlayOnLoad>True</AudioPlayOnLoad>
</GallerySettings>