<?xml version="1.0" encoding="utf-8"?>
<GallerySettings xmlns:xsi="http://www.w3.org/2001/XMLSchema-instance" xmlns:xsd="http://www.w3.org/2001/XMLSchema">
  <GalleryID>16</GalleryID>
  <CSSThemeDisplayStyle>dark</CSSThemeDisplayStyle>
  <AudioPlayPlace>audioembed</AudioPlayPlace>
  <VideoPlayPlace>videoembed</VideoPlayPlace>
  <NothngOnClick>True</NothngOnClick>
  <ThumbnailPriority>2</ThumbnailPriority>
  <ExpandCategory>True</ExpandCategory>
  <ExpandThumbnails>False</ExpandThumbnails>
  <ExpandGalleryCaption>False</ExpandGalleryCaption>
  <ExpandCaption>False</ExpandCaption>
  <CategoryPriority>1</CategoryPriority>
  <MediaCaptionPriority>4</MediaCaptionPriority>
  <GalleryCaptionPriority>3</GalleryCaptionPriority>
  <ShowGalleryTitle>False</ShowGalleryTitle>
  <ShowGalleryDescription>False</ShowGalleryDescription>
  <ShowNavigation>False</ShowNavigation>
  <ShowPlayPause>False</ShowPlayPause>
  <ThumbDirection>vertical</ThumbDirection>
  <CategoryDirection>horizontal</CategoryDirection>
  <ThumbPanelInOut>Outside</ThumbPanelInOut>
  <ThumbPanelLRTB>Right</ThumbPanelLRTB>
  <CategoryHeight>45</CategoryHeight>
  <CategoryWidth>900</CategoryWidth>
  <CategoryY>405</CategoryY>
  <CategoryX>0</CategoryX>
  <CategoryInOut>Outside</CategoryInOut>
  <CategoryLRTB>Bottom</CategoryLRTB>
  <GalleryCaptionHeight>35</GalleryCaptionHeight>
  <GalleryCaptionWidth>770</GalleryCaptionWidth>
  <GalleryCaptionY>0</GalleryCaptionY>
  <GalleryCaptionX>0</GalleryCaptionX>
  <GalleryCaptionInOut>Inside</GalleryCaptionInOut>
  <GalleryCaptionLRTB>Top</GalleryCaptionLRTB>
  <CaptionHeight>35</CaptionHeight>
  <CaptionWidth>770</CaptionWidth>
  <CaptionY>45</CaptionY>
  <CaptionX>0</CaptionX>
  <CaptionInOut>Inside</CaptionInOut>
  <CaptionLRTB>Bottom</CaptionLRTB>
  <ImapgePanelTopY>0</ImapgePanelTopY>
  <ImapgePanelTopX>0</ImapgePanelTopX>
  <ImapgePanelWidth>770</ImapgePanelWidth>
  <ImapgePanelHeight>405</ImapgePanelHeight>
  <ThumbPanelWidth>130</ThumbPanelWidth>
  <ThumbPanelHeight>405</ThumbPanelHeight>
  <ThumbPanelY>0</ThumbPanelY>
  <ThumbPanelX>770</ThumbPanelX>
  <ShowTwitter>True</ShowTwitter>
  <ShowGooglePlus>True</ShowGooglePlus>
  <ShowFacebook>True</ShowFacebook>
  <DisplayControl>ChameleonGallery.ascx</DisplayControl>
  <NestedSortingAscType>ASC</NestedSortingAscType>
  <NestedSorting>GalleryName</NestedSorting>
  <SocialSharingButtons>True</SocialSharingButtons>
  <LightboxSocialSharing>False</LightboxSocialSharing>
  <LightboxShowPrint>False</LightboxShowPrint>
  <LightboxShowEmail>False</LightboxShowEmail>
  <PortfolioShowAllButton>True</PortfolioShowAllButton>
  <CategoryID>1</CategoryID>
  <DisplayType>Chameleon</DisplayType>
  <LightboxType>pp_default</LightboxType>
  <LightboxTitle>False</LightboxTitle>
  <LightboxOpacity>80</LightboxOpacity>
  <LightboxPadding>80</LightboxPadding>
  <LightBoxSSAP>False</LightBoxSSAP>
  <LightboxAnimationSpeed>fade</LightboxAnimationSpeed>
  <EbnableUserUpload>False</EbnableUserUpload>
  <RolesToUpload />
  <ShowEnterUrl>False</ShowEnterUrl>
  <PortfolioShowFullscreen>True</PortfolioShowFullscreen>
  <ApproveMedia>False</ApproveMedia>
  <ShowOnlyUpload>False</ShowOnlyUpload>
  <DownloadRoles>Administrators;Administrators;Administrators;Administrators;Administrators;Administrators;Administrators;Administrators;Administrators;Administrators;Administrators;Administrators;Administrators;Administrators;Administrators;</DownloadRoles>
  <UseViewAsDownload>False</UseViewAsDownload>
  <ShowDownloadLink>False</ShowDownloadLink>
  <PortfolioFullscreenTheme>EDG_7_round0.css</PortfolioFullscreenTheme>
  <PortfolioMenuType>right</PortfolioMenuType>
  <PortfolioShowArrows>True</PortfolioShowArrows>
  <PortfolioAutoHideArrows>True</PortfolioAutoHideArrows>
  <PortfolioDisplayTitle>Galleries</PortfolioDisplayTitle>
  <OverlayGallery>False</OverlayGallery>
  <ProtfolioDDMFile>Black_Style.png</ProtfolioDDMFile>
  <PortfolioArrowFile>Red_Circle.png</PortfolioArrowFile>
  <IntegrateBlog>NE</IntegrateBlog>
  <UploadResize>False</UploadResize>
  <UploadResizeWidth>800</UploadResizeWidth>
  <UploadResizeHeight>600</UploadResizeHeight>
  <LightBoxSlideShow>False</LightBoxSlideShow>
  <LightBoxSlideShowInterval>5000</LightBoxSlideShowInterval>
  <QueryString />
  <ShowTitle>True</ShowTitle>
  <ShowDescription>False</ShowDescription>
  <ShowMediaTitle>False</ShowMediaTitle>
  <ShowMediaDescription>False</ShowMediaDescription>
  <IncludejQuery>True</IncludejQuery>
  <OverrideJquery>default</OverrideJquery>
  <ShowMediaTitleThumbnail>False</ShowMediaTitleThumbnail>
  <OpenMediaUrl>False</OpenMediaUrl>
  <NewWindow>False</NewWindow>
  <ASSInterval>1000</ASSInterval>
  <PortfolioRandomNumber>406053</PortfolioRandomNumber>
  <RandomizeMedia>True</RandomizeMedia>
  <SmartCrop>False</SmartCrop>
  <ShowPanel>True</ShowPanel>
  <FilmStrip>True</FilmStrip>
  <FilmStripSize>5</FilmStripSize>
  <SSImageWidth>900</SSImageWidth>
  <SSImageHeight>450</SSImageHeight>
  <SSThumbImageWidth>80</SSThumbImageWidth>
  <SSThumbImageHeight>80</SSThumbImageHeight>
  <SliderTransition>False</SliderTransition>
  <SliderEffect>slide</SliderEffect>
  <SSAutoSlide>True</SSAutoSlide>
  <SSAutoSlidePause>5000</SSAutoSlidePause>
  <SSAutoSlideRandom>NE</SSAutoSlideRandom>
  <SSAutoStartRandom>NE</SSAutoStartRandom>
  <SSCSSFile>EDGMain.css</SSCSSFile>
  <OverlaySize>50</OverlaySize>
  <OverlayOpacity>50</OverlayOpacity>
  <OverlayTextColor>111111</OverlayTextColor>
  <OverlayColor>False</OverlayColor>
  <SSTNProportionally>False</SSTNProportionally>
  <TransitionInterval>5000</TransitionInterval>
  <TGColumns>4</TGColumns>
  <TGImageWidth>80</TGImageWidth>
  <TGImageHeight>50</TGImageHeight>
  <TGItemsPerPage>2</TGItemsPerPage>
  <TGCSSFile>phobos</TGCSSFile>
  <PreloaderType>Fullscreen</PreloaderType>
  <DisplayNestedGalleries>True</DisplayNestedGalleries>
  <NGShowName>False</NGShowName>
  <NGThumbWidth>100</NGThumbWidth>
  <NGGalResizeProportionally>False</NGGalResizeProportionally>
  <NGColumns>2</NGColumns>
  <NGThumbHeight>40</NGThumbHeight>
  <NGShowdescription>True</NGShowdescription>
  <NestedCategory>1</NestedCategory>
  <NGGalleriesToShow>;14;15;16;18;</NGGalleriesToShow>
  <NGShowAllGalleries>False</NGShowAllGalleries>
  <NGCategoryItems>1500</NGCategoryItems>
  <TGSmartResize>True</TGSmartResize>
  <LightboxDescription>False</LightboxDescription>
  <VGColumns>10</VGColumns>
  <VGCSSFile>EDGMain.css</VGCSSFile>
  <VGSkin>black</VGSkin>
  <InfoButton>False</InfoButton>
  <PlayOnLoad>False</PlayOnLoad>
  <AllowFullscren>False</AllowFullscren>
  <FlashGalTheme>False</FlashGalTheme>
  <AudioPlayOnLoad>False</AudioPlayOnLoad>
  <TooltipPosition>bottomMiddle</TooltipPosition>
  <TargetPosition>topMiddle</TargetPosition>
  <ShowEffect>fade</ShowEffect>
  <ShowEffectDuration>15</ShowEffectDuration>
  <HideEffect>fade</HideEffect>
  <HideEffectDuration>15</HideEffectDuration>
  <TooltipBorder>340</TooltipBorder>
  <TooltipRadius>100</TooltipRadius>
  <TooltipTheme>cream</TooltipTheme>
  <Version>30800</Version>
  <MediaSorting>Position</MediaSorting>
  <MediaSortingAscType>ASC</MediaSortingAscType>
  <UseFlowPlayer>False</UseFlowPlayer>
  <ShowToolTips>True</ShowToolTips>
</GallerySettings>