<?xml version="1.0" encoding="utf-8"?>
<GallerySettings xmlns:xsi="http://www.w3.org/2001/XMLSchema-instance" xmlns:xsd="http://www.w3.org/2001/XMLSchema">
  <GalleryID>7</GalleryID>
  <DisplayType>tablegallery</DisplayType>
  <LightboxType>light_rounded</LightboxType>
  <LightboxTitle>False</LightboxTitle>
  <LightboxOpacity>80</LightboxOpacity>
  <LightboxPadding>80</LightboxPadding>
  <IntegrateBlog>NE</IntegrateBlog>
  <QueryString />
  <ShowTitle>True</ShowTitle>
  <ShowDescription>True</ShowDescription>
  <ShowMediaTitle>False</ShowMediaTitle>
  <ShowMediaDescription>False</ShowMediaDescription>
  <OpenMediaUrl>False</OpenMediaUrl>
  <NewWindow>False</NewWindow>
  <SmartCrop>False</SmartCrop>
  <ShowPanel>True</ShowPanel>
  <FilmStrip>True</FilmStrip>
  <FilmStripSize>5</FilmStripSize>
  <SSImageWidth>600</SSImageWidth>
  <SSImageHeight>300</SSImageHeight>
  <SSThumbImageWidth>80</SSThumbImageWidth>
  <SSThumbImageHeight>80</SSThumbImageHeight>
  <SSAutoSlide>NE</SSAutoSlide>
  <SliderTransition>500</SliderTransition>
  <SliderEffect>sliceUpLeft</SliderEffect>
  <SSAutoSlidePause>5000</SSAutoSlidePause>
  <SSAutoSlideRandom>NE</SSAutoSlideRandom>
  <SSAutoStartRandom>NE</SSAutoStartRandom>
  <SSCSSFile>EDGMain.css</SSCSSFile>
  <OverlaySize>50</OverlaySize>
  <OverlayOpacity>50</OverlayOpacity>
  <OverlayTextColor>111111</OverlayTextColor>
  <TransitionInterval>5000</TransitionInterval>
  <PagingVisible>False</PagingVisible>
  <TGColumns>4</TGColumns>
  <TGImageWidth>130</TGImageWidth>
  <TGImageHeight>130</TGImageHeight>
  <TGItemsPerPage>16</TGItemsPerPage>
  <TGCSSFile>EDG_0_Shadow.css</TGCSSFile>
  <TGSmartResize>True</TGSmartResize>
  <LightboxDescription>False</LightboxDescription>
  <VGColumns>10</VGColumns>
  <VGCSSFile>EDGMain.css</VGCSSFile>
  <VGSkin>black</VGSkin>
  <InfoButton>False</InfoButton>
  <PlayOnLoad>False</PlayOnLoad>
  <AllowFullscren>False</AllowFullscren>
  <AudioPlayOnLoad>False</AudioPlayOnLoad>
</GallerySettings>